"Time_Iter","Outer_Iter","Inner_Iter",       "CD"       ,       "CL"       ,       "CSF"      ,       "CMx"      ,       "CMy"      ,       "CMz"      ,       "CFx"      ,       "CFy"      ,       "CFz"      ,      "CEff"      ,     "Buffet"     
          0,           0,           0,       1.655977844,       1.133346764,   4.295480122e-17,     -0.6763923414,      -0.946365692,       0.741065299,       1.482130598,   4.295480122e-17,       1.352784683,      0.6843972991,    8.88023972e-06
          0,           0,           1,       2.581189302,       1.772617993,  -3.131232797e-16,      -1.057299558,      -1.496527334,       1.154684301,       2.309368602,  -3.131232797e-16,       2.114599116,       0.686744669,   1.002342903e-05
          0,           0,           2,       3.428078953,         2.3515397,  -1.228033075e-15,      -1.402875528,        -1.9994079,       1.533723026,       3.067446052,  -1.228033075e-15,       2.805751055,      0.6859642767,   1.168682117e-05
          0,           0,           3,       4.140172838,       2.830647994,  -3.135008156e-15,      -1.689650507,      -2.421205807,       1.852965451,       3.705930902,  -3.135008156e-15,       3.379301014,      0.6837028559,   1.358519867e-05
          0,           0,           4,       4.664206733,       3.176022233,  -6.219034095e-15,      -1.897122759,      -2.730713866,       2.088399066,       4.176798131,  -6.219034095e-15,       3.794245518,      0.6809351332,   1.538950158e-05
          0,           0,           5,       4.966338216,       3.368750955,   -6.53788616e-15,      -2.013573596,      -2.908369394,       2.224583319,       4.449166637,   -6.53788616e-15,       4.027147193,      0.6783168622,   1.685629315e-05
          0,           0,           6,       5.047283378,       3.413363685,  -6.356584838e-15,      -2.041295572,      -2.955273705,       2.261557577,       4.523115155,  -6.356584838e-15,       4.082591144,       0.676277401,   0.0009290734714
          0,           0,           7,       4.948218268,       3.340337578,  -4.283946992e-15,      -1.998244261,      -2.896297687,       2.217588704,       4.435177409,  -4.283946992e-15,       3.996488523,      0.6750586568,     0.04670486287
          0,           0,           8,       4.744354244,        3.20045162,  -1.288738573e-16,      -1.914795768,      -2.775938552,       2.126382869,       4.252765738,  -1.288738573e-16,       3.829591537,      0.6745810821,     0.05776975047
